AgentID,Wealth,Talent,luckyEvents,unluckyEvents,startingCapital
1,4154.784262048572,0.6058800424524626,3.0,2.0,2077.392131024286
2,95.49043655192557,0.6076250204583107,2.0,6.0,1527.846984830809
3,747.1247372499771,0.6858917478241519,3.0,4.0,1494.2494744999542
4,299.4600307924542,0.4725111721151853,3.0,6.0,2395.6802463396334
5,10366.32707599974,0.6807952327000033,3.0,1.0,2591.581768999935
6,794.9489897367681,0.351206145160906,1.0,2.0,1589.8979794735362
7,58.24398544196974,0.5248180436063313,0.0,5.0,1863.8075341430317
8,346.09710313515177,0.5012578701974731,3.0,6.0,2768.776825081214
9,624.4851291374663,0.4898512693414644,3.0,5.0,2497.940516549865
10,155.7052315262291,0.6308578164176377,3.0,7.0,2491.283704419666
11,782.1692088305932,0.7422001103429138,3.0,4.0,1564.3384176611864
12,243.48686689927382,0.5594725964218015,2.0,5.0,1947.8949351941906
13,41.638880699153304,0.6690557442562036,1.0,6.0,1332.4441823729057
14,63.82317629716114,0.4116706437375037,1.0,6.0,2042.3416415091565
15,308.1586399066054,0.485638594484708,2.0,5.0,2465.269119252843
16,929.8239807658088,0.5132581969363929,4.0,5.0,1859.6479615316175
17,1259.5292678273279,0.5797260225084087,3.0,4.0,2519.0585356546558
18,81.40360949057572,0.49015511363383163,2.0,7.0,2604.915503698423
19,134.71743398567753,0.7002758310272645,4.0,8.0,2155.4789437708405
20,300.70634789692645,0.680035784556053,1.0,4.0,2405.6507831754116
21,1007.5587804974841,0.6246086755045454,3.0,4.0,2015.1175609949682
22,14620.48826273903,0.4579801693258434,5.0,2.0,1827.5610328423788
23,1911.3141955483518,0.6129171848111804,3.0,3.0,1911.3141955483518
24,53.87565874674694,0.5766163827172985,2.0,7.0,1724.0210798959022
25,1078.18724455768,0.6539132519516292,3.0,4.0,2156.37448911536
26,1870.2639568531831,0.6167675316095295,3.0,3.0,1870.2639568531831
27,5320.194835283967,0.6624155698233447,6.0,4.0,1330.0487088209918
28,2444.2237387722153,0.7066082001019228,3.0,2.0,1222.1118693861076
29,632.173578641759,0.5863237761391348,2.0,4.0,2528.694314567036
30,201.91403914848274,0.6680676532082434,2.0,6.0,3230.624626375724
31,109.52816592587384,0.7305423070545614,3.0,7.0,1752.4506548139814
32,64.88503766567689,0.6242180286788984,2.0,7.0,2076.3212053016605
33,783.9558237836629,0.7100236624587712,1.0,2.0,1567.9116475673259
34,2047.251116387285,0.48693056303642623,6.0,6.0,2047.251116387285
35,285.3824432039387,0.7148018569607044,4.0,7.0,2283.0595456315095
36,42.60671288607321,0.5761482284884684,1.0,6.0,1363.4148123543428
37,16.53871689798244,0.6204198227573756,1.0,8.0,2116.9557629417523
38,2170.2081985073264,0.7413134486527778,3.0,3.0,2170.2081985073264
39,2232.3740166537964,0.8297774807959878,4.0,4.0,2232.3740166537964
40,251.20755715012507,0.679538049311408,3.0,6.0,2009.6604572010006
41,22.75770912522113,0.6212574675067469,0.0,7.0,2912.9867680283046
42,772.7962923933388,0.6508687906213866,3.0,4.0,1545.5925847866777
43,138.6705182596045,0.6043527071456937,3.0,7.0,2218.728292153672
44,1823.4297441215094,0.6056431237708734,3.0,3.0,1823.4297441215094
45,9461.150051778304,0.4700548973822086,3.0,1.0,2365.287512944576
46,267.173616589821,0.5486738151543759,1.0,4.0,2137.388932718568
47,2366.4680245879035,0.6752599196899784,4.0,4.0,2366.4680245879035
48,1900.6159507398204,0.8134432342558043,3.0,3.0,1900.6159507398204
49,236.46851755691426,0.5281506270472327,0.0,3.0,1891.7481404553141
50,907.9984661787668,0.516226243736539,1.0,2.0,1815.9969323575335
51,492.20621590020755,0.566600242764246,2.0,4.0,1968.8248636008302
52,130.31979785134715,0.6095247012350115,0.0,4.0,2085.1167656215544
53,138697.6369592393,0.9297009832031331,7.0,1.0,2167.150577488114
54,161.16412515080893,0.5764666726250991,1.0,5.0,2578.626002412943
55,2940.5875470314145,0.6648883163090399,5.0,5.0,2940.5875470314145
56,16999.49528224537,0.6393552820195804,4.0,1.0,2124.9369102806713
57,9033.26852337235,0.5824270152645079,6.0,4.0,2258.3171308430874
58,1044.1147619291446,0.6342744488645162,1.0,1.0,1044.1147619291446
59,2242.6641630595614,0.5629423467841548,5.0,5.0,2242.6641630595614
60,77.53797195935176,0.6567097762882979,1.0,6.0,2481.2151026992565
61,825.5004416790856,0.5177361898164288,2.0,3.0,1651.0008833581712
62,13.783948781383865,0.5563407227171587,1.0,8.0,1764.3454440171347
63,4598.406997595034,0.6249054547571701,2.0,1.0,2299.203498797517
64,38.24630421261048,0.5399454634525942,0.0,6.0,2447.763469607071
65,622.6037605069397,0.5002417848822087,2.0,4.0,2490.415042027759
66,777.26192250793,0.5902294441686953,0.0,2.0,3109.04769003172
67,15107.88229661559,0.6799262953836482,6.0,3.0,1888.4852870769487
68,616.7913963321782,0.6683911441174479,2.0,4.0,2467.165585328713
69,460.2829290804066,0.6123894777972523,3.0,5.0,1841.1317163216263
70,529.7419221906601,0.5309639144914412,4.0,6.0,2118.9676887626406
71,166.11643634087758,0.6383631921832125,1.0,5.0,2657.8629814540413
72,2040.3112452904506,0.5433965348793417,5.0,5.0,2040.3112452904506
73,191.61145819212507,0.6218664526366773,2.0,5.0,1532.8916655370006
74,59.086857762310984,0.5405390348570318,3.0,8.0,1890.7794483939515
75,132.56569389145463,0.6128201179403273,0.0,4.0,2121.051102263274
76,704.1360985792819,0.44811673098086424,2.0,4.0,2816.5443943171276
77,31.878902824540642,0.4985757615703787,1.0,7.0,2040.249780770601
78,1089.0732271696106,0.6283057697180042,1.0,2.0,2178.1464543392212
79,315.67290856956987,0.5784157504993365,3.0,6.0,2525.383268556559
80,4424.495116809652,0.5116202929955219,4.0,2.0,1106.123779202413
81,4152.7032359174655,0.5852775687087088,4.0,3.0,2076.3516179587327
82,2643.258956009146,0.7090276087871176,3.0,3.0,2643.258956009146
83,129.4476618183707,0.6182489370720735,4.0,8.0,2071.1625890939313
84,220.88285613486283,0.6675326092097218,1.0,4.0,1767.0628490789027
85,39.46390563023007,0.635670689399574,1.0,7.0,2525.6899603347247
86,1566.0178881819793,0.5334672479332222,2.0,2.0,1566.0178881819793
87,617.9935318276255,0.4733803379705843,2.0,3.0,1235.987063655251
88,7960.333726485448,0.6839953269496614,4.0,2.0,1990.083431621362
89,1887.5034674475978,0.7397741019025791,3.0,3.0,1887.5034674475978
90,109.30705351008523,0.6043125513288626,1.0,5.0,1748.9128561613636
91,94.57359812048168,0.5621981265046109,1.0,5.0,1513.1775699277068
92,24598.996145004196,0.7207628097569437,7.0,3.0,1537.4372590627622
93,3960.2337668611885,0.684286703614373,3.0,2.0,1980.1168834305943
94,6038.361899885105,0.9215097374146521,3.0,2.0,3019.1809499425526
95,4225.714061143324,0.6275327390542451,5.0,4.0,2112.857030571662
96,1784.0187462745387,0.6008658063788029,2.0,2.0,1784.0187462745387
97,1575.8497167646558,0.6104840651511174,2.0,2.0,1575.8497167646558
98,98.6144694564535,0.8489564911249365,3.0,7.0,1577.831511303256
99,136.36527963383378,0.6606886518615049,2.0,5.0,1090.9222370706702
100,181.8288545311838,0.4882460832321936,2.0,6.0,2909.2616724989407
101,1996.9140142313381,0.6671388319682481,5.0,5.0,1996.9140142313381
102,6001.961897081134,0.7393690018554658,4.0,3.0,3000.980948540567
103,79.49697840941859,0.7467314300096286,2.0,7.0,2543.903309101395
104,31.61299960738381,0.585664477157736,0.0,6.0,2023.2319748725638
105,90.12275143767599,0.6812896291931001,2.0,6.0,1441.9640230028158
106,490.3731608975106,0.6333312464330785,4.0,6.0,1961.4926435900425
107,62.224579327129554,0.5749210032868876,2.0,7.0,1991.1865384681457
108,1380.248249330901,0.5756462210093335,3.0,3.0,1380.248249330901
109,3797.197503876555,0.7254946626063487,4.0,3.0,1898.5987519382775
110,6931.183768821271,0.6426808001834227,5.0,3.0,1732.7959422053177
111,166.04001575882802,0.517373718792281,0.0,4.0,2656.6402521412483
112,124.99975851814662,0.649361403328439,2.0,6.0,1999.996136290346
113,668.4952727218201,0.5098924112963565,1.0,2.0,1336.9905454436403
114,1048.2450362794007,0.5835019797059294,2.0,3.0,2096.4900725588013
115,654.471162877989,0.7143603174894542,1.0,3.0,2617.884651511956
116,162.47977850447916,0.5140440340917697,1.0,5.0,2599.6764560716665
117,1106.025646232803,0.5294000407402303,3.0,4.0,2212.051292465606
118,8757.835230340277,0.6978165886438539,4.0,2.0,2189.4588075850693
119,67.18887670274772,0.614607406381648,1.0,6.0,2150.044054487927
120,43.659885188692265,0.7490425670230995,4.0,9.0,1397.1163260381525
121,122.2800046534295,0.5550076726710055,3.0,7.0,1956.480074454872
122,277.54810984597896,0.498868487621762,1.0,4.0,2220.3848787678317
123,482.9529112928548,0.6592984781856175,4.0,6.0,1931.8116451714193
124,1574.6881441529274,0.6380439217035613,4.0,4.0,1574.6881441529274
125,498.07526117195505,0.711070195317416,3.0,5.0,1992.3010446878202
126,894.0929639840742,0.4446491888631456,3.0,4.0,1788.1859279681485
127,13377.22514750313,0.7074708828642433,5.0,2.0,1672.1531434378912
128,297.37110392460573,0.7386355118993271,2.0,5.0,2378.968831396846
129,5198.697457384996,0.6755968189076083,5.0,4.0,2599.348728692498
130,902.0977642111949,0.48827278730895407,2.0,3.0,1804.1955284223898
131,2686.908391830395,0.469496774045673,4.0,3.0,1343.4541959151975
132,155.37032722311616,0.47334900951449954,2.0,6.0,2485.9252355698586
133,124.4984630734006,0.8549660386796292,2.0,6.0,1991.9754091744096
134,601.4328459862353,0.6977824478471572,3.0,5.0,2405.731383944941
135,2962.0933902409106,0.6962384065068195,2.0,1.0,1481.0466951204553
136,4849.077690002041,0.5403339005241017,3.0,2.0,2424.5388450010205
137,2515.4162267992115,0.5003165221501181,3.0,3.0,2515.4162267992115
138,1167.2373630572183,0.6676980780531085,4.0,5.0,2334.4747261144366
139,58119.645098365,0.7032779893595391,7.0,2.0,1816.2389093239062
140,1456.3004985153702,0.6004035283073995,3.0,3.0,1456.3004985153702
141,52.172856645560074,0.5458613001774942,1.0,4.0,417.3828531644806
142,4.367656010274584,0.7478148420606815,1.0,9.0,1118.1199386302935
143,11260.436042215832,0.8119938756033489,6.0,4.0,2815.109010553958
144,7438.845463324251,0.6698881777654149,4.0,2.0,1859.7113658310627
145,3494.793496297172,0.4321113942630341,4.0,3.0,1747.396748148586
146,272.6751769972982,0.5088143452371955,1.0,4.0,2181.4014159783856
147,483.8546668960758,0.573698543032447,2.0,4.0,1935.4186675843032
148,189.144001625132,0.4950299409442782,1.0,4.0,1513.152013001056
149,711.5859494592048,0.7063091623009761,6.0,7.0,1423.1718989184096
150,111.00656390858518,0.650934208200418,2.0,6.0,1776.1050225373629
151,983704.6740172504,0.718781867003919,10.0,1.0,1921.2981914399422
152,557.5655678387917,0.5825792929796972,5.0,6.0,1115.1311356775834
153,117.38128281078883,0.45936366815668184,1.0,5.0,1878.1005249726213
154,90.99607884810392,0.6619689627978598,2.0,6.0,1455.9372615696627
155,515.8387022816466,0.6705266928636363,0.0,2.0,2063.3548091265866
156,7363.869426584677,0.42129127967293967,2.0,0.0,1840.9673566461693
157,88.41482903237463,0.8318254053225886,3.0,8.0,2829.274529035988
158,26265.027995617704,0.690353989351367,5.0,2.0,3283.128499452213
159,1781.9016635965872,0.5653359682510959,3.0,3.0,1781.9016635965872
160,1643.0187529805708,0.8149423996925842,6.0,6.0,1643.0187529805708
161,577.1856071504747,0.40781083627890813,2.0,4.0,2308.7424286018986
162,620.8369916075101,0.4599378131863703,1.0,3.0,2483.3479664300403
163,2109.4360938361547,0.5402082859111547,2.0,2.0,2109.4360938361547
164,7242.79537444916,0.6338154722722009,2.0,0.0,1810.69884361229
165,468.5905559005121,0.6688022493150265,3.0,5.0,1874.3622236020483
166,396.43313454278564,0.6561788423899956,3.0,5.0,1585.7325381711426
167,119.6322782078349,0.4411148734039046,1.0,5.0,1914.1164513253584
168,523.98347206663,0.650452539195195,1.0,3.0,2095.93388826652
169,1915.9391377748034,0.6667253268001476,4.0,4.0,1915.9391377748034
170,1742.875370769821,0.8344647875900001,7.0,7.0,1742.875370769821
171,954.3169826808103,0.5151418697049159,2.0,3.0,1908.6339653616205
172,1855.3818038979934,0.6844195693787347,3.0,3.0,1855.3818038979934
173,1121.2256699619688,0.46023784572056864,3.0,4.0,2242.4513399239377
174,77.77133521091292,0.5429445739642285,1.0,6.0,2488.6827267492135
175,29.201180762871566,0.6045219061971001,1.0,7.0,1868.8755688237802
176,128.76224257374938,0.7225397383723815,1.0,5.0,2060.19588117999
177,475.78263085001544,0.8173492223177387,3.0,5.0,1903.1305234000617
178,74.50666688768978,0.5160449017674498,0.0,5.0,2384.213340406073
179,1369.764344348043,0.5573864404817099,2.0,3.0,2739.528688696086
180,21.023130544845376,0.6840693415501014,1.0,8.0,2690.960709740208
181,447.0104014180843,0.7101318535685937,1.0,3.0,1788.0416056723373
182,2582.001843301305,0.5314542649437816,4.0,4.0,2582.001843301305
183,641.8059007536964,0.6782916510981175,2.0,4.0,2567.2236030147856
184,51.19165997299373,0.6508689761760815,2.0,7.0,1638.1331191357995
185,323.91292710897625,0.6483520387071569,3.0,5.0,1295.651708435905
186,4706.097597928526,0.7484997349033607,4.0,2.0,1176.5243994821315
187,137.56667971823396,0.60679881582795,3.0,7.0,2201.0668754917433
188,489.5840982651007,0.7067838063793905,2.0,4.0,1958.3363930604028
189,495.42539402554127,0.5750369636259239,1.0,3.0,1981.701576102165
190,1034.7793211402761,0.8502780824892193,4.0,5.0,2069.5586422805522
191,74.1786296309935,0.6078867819866821,2.0,6.0,1186.858074095896
192,31.179555260875183,0.594378614634259,2.0,8.0,1995.4915366960117
193,515.0555907169704,0.5528001655271494,2.0,4.0,2060.2223628678817
194,167.14362562582494,0.5696570169648267,6.0,9.0,1337.1490050065995
195,112.77138662638384,0.5651954646774221,0.0,4.0,1804.3421860221415
196,186.0470724555731,0.5777258786751769,1.0,5.0,2976.7531592891696
197,528.239280515143,0.5540804130795505,2.0,4.0,2112.957122060572
198,171.28340791170535,0.6872124742243159,3.0,5.0,685.1336316468214
199,5544.347720494071,0.5945555798781106,4.0,3.0,2772.1738602470355
200,410.6001460963509,0.4565553950971576,3.0,5.0,1642.4005843854036
201,257.8538673334382,0.5193747511533643,3.0,6.0,2062.8309386675055
202,261.0976764575551,0.6004385311572181,2.0,5.0,2088.781411660441
203,59.655744632983705,0.5034774128394333,2.0,7.0,1908.9838282554786
204,3186.330456840331,0.6986689245650278,3.0,2.0,1593.1652284201655
205,210.8433120157693,0.5409197023738099,0.0,3.0,1686.7464961261544
206,57.598921911239735,0.6548915045802362,2.0,7.0,1843.1655011596715
207,157.64750382072356,0.6408072262476308,2.0,6.0,2522.360061131577
208,646.97753382221,0.49896268360865426,2.0,4.0,2587.91013528884
209,111.97298693102809,0.6893951133749874,1.0,5.0,1791.5677908964494
210,2.331565183657643,0.5127521682947415,1.0,11.0,2387.5227480654266
211,1188.364711121128,0.46149337879411045,2.0,3.0,2376.729422242256
212,65.87517367654138,0.6523521313522915,1.0,5.0,1054.002778824662
213,25765.481940851372,0.7782725980177635,7.0,4.0,3220.6852426064215
214,1246.0649680413296,0.417851520433301,1.0,2.0,2492.1299360826592
215,232.49141042222243,0.7091752176579784,4.0,7.0,1859.9312833777794
216,546.7115836310115,0.7308515831296563,3.0,5.0,2186.846334524046
217,1624.0904791564465,0.5356738925870179,3.0,3.0,1624.0904791564465
218,433.13122328529215,0.6706103060118032,6.0,8.0,1732.5248931411686
219,32.52772552614459,0.610912803270488,2.0,8.0,2081.774433673254
220,4222.843478479861,0.7070488426114946,4.0,3.0,2111.4217392399305
221,195.09110431523615,0.7740199691537605,1.0,4.0,1560.7288345218892
222,79.29433708900348,0.6048517819901924,3.0,8.0,2537.4187868481113
223,2123.72695038079,0.7146587144991403,1.0,1.0,2123.72695038079
224,632.5983784487703,0.5058698189794558,2.0,4.0,2530.393513795081
225,159.5091782745261,0.526877194928443,0.0,4.0,2552.1468523924177
226,36.96694265922638,0.584843084402841,1.0,7.0,2365.8843301904885
227,1362.136038662307,0.5553717078970591,5.0,6.0,2724.272077324614
228,4569.592775421114,0.5142365324377135,2.0,1.0,2284.796387710557
229,3377.3034687823583,0.7585843882461587,6.0,5.0,1688.6517343911792
230,2443.2490315262417,0.7080215497196292,4.0,4.0,2443.2490315262417
231,964.7772052939962,0.776318967016912,4.0,5.0,1929.5544105879924
232,252.39204098824993,0.578036188418844,4.0,6.0,1009.5681639529997
233,112.25288773352429,0.6852775731405937,3.0,7.0,1796.0462037363886
234,3662.5677159733646,0.5990453423685778,3.0,2.0,1831.2838579866823
235,1103.1976820980062,0.6857740175952981,3.0,3.0,1103.1976820980062
236,1309.8894474304468,0.6396054434905758,2.0,2.0,1309.8894474304468
237,3657.493814734684,0.6109178645229192,3.0,2.0,1828.746907367342
238,510.48162118771677,0.519322126694675,3.0,4.0,1020.9632423754335
239,1763.7824001109984,0.4849675425837793,2.0,2.0,1763.7824001109984
240,77.93382917160788,0.5294686814204884,1.0,6.0,2493.8825334914523
241,2088.153246014742,0.7371715254957925,3.0,3.0,2088.153246014742
242,2267.755283509935,0.5674569696032729,4.0,4.0,2267.755283509935
243,5838.89592830497,0.6322070972372597,3.0,1.0,1459.7239820762425
244,106.84467559563943,0.611063577973084,4.0,8.0,1709.5148095302309
245,5368.403703562678,0.5352683193573212,4.0,3.0,2684.201851781339
246,436.5526405376603,0.6005626594571496,2.0,4.0,1746.2105621506412
247,9693.020434334972,0.6231016119905731,4.0,1.0,1211.6275542918715
248,263.75482637292873,0.7894493016290096,3.0,6.0,2110.03861098343
249,1764.0675910021873,0.6641204435987941,4.0,4.0,1764.0675910021873
250,3759.403053295956,0.48089160090476385,5.0,4.0,1879.701526647978
251,4734.699415740987,0.5797150656882281,3.0,2.0,2367.3497078704936
252,1154.8205722206637,0.5998454548257695,2.0,3.0,2309.6411444413275
253,1070.1916990733262,0.5400214248060283,3.0,4.0,2140.3833981466523
254,3100.6075426406696,0.4454275290550511,0.0,0.0,3100.6075426406696
255,482.038506395607,0.6819993800539181,1.0,3.0,1928.154025582428
256,977.2604817365444,0.6788980974377103,3.0,4.0,1954.5209634730888
257,509.4855037683544,0.5525376049002511,1.0,3.0,2037.9420150734177
258,242.79136844685888,0.7636110867184676,3.0,6.0,1942.330947574871
259,156.71983905325976,0.6020284344339056,2.0,6.0,2507.517424852156
260,36500.48663803926,0.6163865984591356,5.0,1.0,2281.280414877454
261,800.229843179918,0.46403179882502443,3.0,5.0,3200.919372719672
262,4299.663207579854,0.6991281011296481,3.0,2.0,2149.831603789927
263,13385.02959583126,0.5320029336201771,5.0,2.0,1673.1286994789075
264,966.5189116459159,0.4182593345393396,2.0,3.0,1933.0378232918317
265,1202.201236816211,0.6457170064311408,4.0,5.0,2404.402473632422
266,24.946242010738423,0.6333745966641344,1.0,7.0,1596.559488687259
267,382.9235917269507,0.7006184055394783,1.0,3.0,1531.6943669078028
268,76.70482451615855,0.5449077869530243,0.0,5.0,2454.5543845170737
269,743.8163054003683,0.6332029954263931,4.0,5.0,1487.6326108007365
270,266.34774888161945,0.6133020603072485,2.0,5.0,2130.7819910529556
271,804.4394853001734,0.5148710694737527,2.0,3.0,1608.8789706003467
272,510.8744075592897,0.7530697558263464,3.0,5.0,2043.4976302371588
273,51.12401780900139,0.7109410658111261,3.0,8.0,1635.9685698880444
274,101.45629982967334,0.643233525324352,1.0,5.0,1623.3007972747735
275,901.8173926885944,0.8606081016174043,3.0,4.0,1803.6347853771888
276,9095.353849666852,0.3883819577124548,2.0,0.0,2273.838462416713
277,7.564003098414204,0.43989168167769177,0.0,8.0,1936.3847931940363
278,6800.945554717783,0.5406765843540252,5.0,3.0,1700.2363886794458
279,74.71088954283252,0.587959310164983,1.0,5.0,1195.3742326853203
280,831.9370841461357,0.6381563663027046,2.0,3.0,1663.8741682922714
281,156.1046115303809,0.49134345054901685,2.0,6.0,2497.6737844860945
282,13321.3170931007,0.6335028758853937,6.0,3.0,1665.1646366375876
283,329.82858048777064,0.6431364902946382,1.0,4.0,2638.628643902165
284,2835.7404065700725,0.6325730451990575,4.0,3.0,1417.8702032850363
285,14689.049481086206,0.4995812021656624,3.0,0.0,1836.1311851357757
286,2320.7174773466927,0.5067722999966072,1.0,1.0,2320.7174773466927
287,31.564995078233704,0.4831581144037022,1.0,7.0,2020.159685006957
288,287.0815831181521,0.540262389486307,0.0,3.0,2296.6526649452167
289,911.9946687512833,0.6482423060476522,3.0,4.0,1823.9893375025665
290,1868.4975529166386,0.5274726142172277,2.0,2.0,1868.4975529166386
291,431.9413475601299,0.531551393273198,3.0,5.0,1727.7653902405195
292,45.5047235586285,0.6130400901795926,1.0,6.0,1456.151153876112
293,599.9344604795305,0.5958669461594187,3.0,5.0,2399.737841918122
294,5078.951342063126,0.7341981423198546,5.0,4.0,2539.475671031563
295,1021.2560221217483,0.6710321944494839,4.0,5.0,2042.5120442434966
296,70.93620412775397,0.5992634412938219,1.0,6.0,2269.958532088127
297,2420.6012155894678,0.7802950201417456,4.0,4.0,2420.6012155894678
298,17.510752185288943,0.4132025289405179,1.0,8.0,2241.3762797169848
299,662.9669381168432,0.5254702157729019,1.0,3.0,2651.8677524673726
300,120.01276967276597,0.6045330920322203,2.0,6.0,1920.2043147642555
301,250.32995028094157,0.5492871878034146,4.0,7.0,2002.6396022475326
302,6034.508363803356,0.6138768925040466,5.0,4.0,3017.254181901678
303,555.3260782470172,0.6392227579871369,3.0,5.0,2221.304312988069
304,250.1253334200169,0.7214545842917729,3.0,6.0,2001.002667360135
305,201.19911157382916,0.5405579830101255,2.0,5.0,1609.5928925906333
306,266.48011766243087,0.646581784036864,4.0,7.0,2131.840941299447
307,7828.083895563915,0.5910741135795333,3.0,1.0,1957.0209738909787
308,764.9530601176049,0.5060010975620696,4.0,5.0,1529.9061202352098
309,168.73746018853302,0.5352508863355583,2.0,5.0,1349.8996815082642
310,76.96105252716175,0.7917244480488334,2.0,7.0,2462.753680869176
311,1339.4702892958512,0.6211209794270215,4.0,5.0,2678.9405785917024
312,83.79265517985225,0.68988479966267,2.0,7.0,2681.364965755272
313,11.498582546817074,0.4213912623673829,1.0,8.0,1471.8185659925855
314,292.40698791083764,0.533143913130828,2.0,4.0,1169.6279516433506
315,884.9220787377715,0.6361695044349851,0.0,1.0,1769.844157475543
316,436.42445739114186,0.6998603474982575,2.0,4.0,1745.6978295645674
317,3840.3734387978584,0.5956985210690272,3.0,1.0,960.0933596994646
318,61.98731288225045,0.4672449084169107,2.0,7.0,1983.5940122320144
319,42.721145735676785,0.7245557984604538,3.0,8.0,1367.0766635416571
320,3245.049276445211,0.6054157855835997,3.0,3.0,3245.049276445211
321,439.6414518029439,0.595968811545249,4.0,6.0,1758.5658072117756
322,346.7496973129379,0.4805712016632605,1.0,3.0,1386.9987892517515
323,117.211383397482,0.5926382373664635,3.0,7.0,1875.382134359712
324,71.45708876603985,0.4874276662135271,2.0,7.0,2286.626840513275
325,128.52378352433652,0.6490930722547049,2.0,6.0,2056.3805363893844
326,1744.5898386718357,0.5349186180612824,3.0,3.0,1744.5898386718357
327,2022.2656608627624,0.6413485805720023,3.0,3.0,2022.2656608627624
328,1464.554062233041,0.6245720406208033,2.0,3.0,2929.108124466082
329,2545.1014362671467,0.6766311353766044,4.0,3.0,1272.5507181335734
330,6.7029426712868165,0.4898708778223857,2.0,10.0,1715.953323849425
331,12578.960251092629,0.635660579900311,4.0,2.0,3144.740062773157
332,1037.026509533339,0.7011330747149436,2.0,3.0,2074.053019066678
333,1313.266373621022,0.47286351226155604,4.0,5.0,2626.532747242044
334,1587.993793839166,0.6702054428118933,5.0,5.0,1587.993793839166
335,855.1229883067913,0.5184350722530994,2.0,3.0,1710.2459766135826
336,55410.98316018561,0.5411946733050363,7.0,2.0,1731.5932237558004
337,568.4451376028537,0.5130582561389584,3.0,5.0,2273.780550411415
338,989.2348411794377,0.6018504543052691,4.0,5.0,1978.4696823588754
339,5558.063630644115,0.754120256986714,5.0,4.0,2779.0318153220574
340,3333.6404805400957,0.72475287021832,6.0,5.0,1666.8202402700479
341,404.4794280083847,0.7196552633019904,2.0,4.0,1617.9177120335387
342,1355.3861974516517,0.6107320905514195,2.0,3.0,2710.7723949033034
343,420.8461915895134,0.47558433996999216,2.0,4.0,1683.3847663580536
344,581.2538104832097,0.660845308452572,2.0,4.0,2325.0152419328388
345,9633.387108454997,0.8086335380361332,6.0,3.0,1204.1733885568747
346,1994.9246877136154,0.6292624524364938,3.0,3.0,1994.9246877136154
347,267.01649220726847,0.6065547415995467,2.0,5.0,2136.1319376581478
348,13325.667099675058,0.687129737076618,4.0,1.0,1665.7083874593823
349,55.291801061888926,0.599170281863297,0.0,5.0,1769.3376339804456
350,1055.9920740926107,0.5396445959930641,4.0,5.0,2111.9841481852213
351,174.93105611583672,0.5092341459757915,2.0,6.0,2798.8968978533876
352,2249.9520780946928,0.5771401201008521,4.0,4.0,2249.9520780946928
353,15.739162396990169,0.5256455775820288,1.0,7.0,1007.3063934073708
354,928.7134850125019,0.6151805762752016,2.0,3.0,1857.4269700250038
355,118.33288519278918,0.35013575925095936,1.0,5.0,1893.3261630846268
356,16353.402732951092,0.6248576217381625,4.0,1.0,2044.1753416188865
357,256.00772936909004,0.7412373054367813,1.0,4.0,2048.0618349527203
358,11023.28811285237,0.7105512320201942,7.0,4.0,1377.9110141065462
359,147.0990946998036,0.6927094204872885,1.0,5.0,2353.5855151968576
360,1715.3025069803234,0.7880051294983977,7.0,7.0,1715.3025069803234
361,4.333435018021548,0.5919728178966094,3.0,12.0,2218.718729227033
362,80.83192172053931,0.5753131546741057,1.0,6.0,2586.621495057258
363,168.87199782424625,0.36616317393140174,3.0,6.0,1350.97598259397
364,2030.6966109229656,0.4927043380622447,2.0,2.0,2030.6966109229656
365,716.8568966644754,0.5666422285790345,2.0,3.0,1433.7137933289507
366,106.61746848593363,0.4046997076888128,4.0,8.0,1705.879495774938
367,57.43495868929033,0.5645078972595192,5.0,10.0,1837.9186780572907
368,319.3034202239078,0.5622915475701893,2.0,4.0,1277.2136808956311
369,61.16384860819099,0.5023380903550028,2.0,7.0,1957.2431554621116
370,62.0151250184511,0.5515250070801536,1.0,6.0,1984.4840005904352
371,227.83538760903642,0.560631202271656,1.0,4.0,1822.6831008722913
372,484.7749219560586,0.5891047178996621,1.0,2.0,969.5498439121172
373,1062.513538948314,0.6376614222316225,4.0,5.0,2125.027077896628
374,58.838967723378595,0.4724144294726701,1.0,6.0,1882.846967148115
375,6979.572162453174,0.6314458689347553,3.0,1.0,1744.8930406132936
376,3728.7327343319175,0.5968931546930749,3.0,2.0,1864.3663671659588
377,845.9032557547831,0.5520640839322041,2.0,3.0,1691.8065115095662
378,470.05363104545575,0.6241848082214155,2.0,3.0,940.1072620909115
379,2146.9316392622154,0.7875139948301291,5.0,5.0,2146.9316392622154
380,2186.710212347161,0.6461412635163867,1.0,1.0,2186.710212347161
381,28499.975732454863,0.653951572789526,7.0,3.0,1781.248483278429
382,27.68283057094082,0.693809491009354,1.0,7.0,1771.7011565402124
383,3001.8539699276844,0.529556482949808,4.0,3.0,1500.9269849638422
384,81.5883100434313,0.6199094310807902,3.0,8.0,2610.825921389802
385,1627.593227091822,0.7893216421182306,2.0,3.0,3255.186454183644
386,902.0500118756752,0.5871707573306848,3.0,4.0,1804.1000237513504
387,81.995506370479,0.6706996736356989,1.0,5.0,1311.928101927664
388,84.51117630488041,0.6101231988597003,4.0,8.0,1352.1788208780865
389,34.73716861396093,0.7831591765369059,1.0,6.0,1111.5893956467498
390,41.206151542872206,0.4755760612494649,1.0,6.0,1318.5968493719106
391,1366.1122429982572,0.565636966146021,1.0,1.0,1366.1122429982572
392,9349.606170781117,0.5940974316838685,5.0,3.0,2337.401542695279
393,684.7233308389917,0.8490066646163842,1.0,2.0,1369.4466616779835
394,1198.1012579575047,0.6731221745363093,3.0,4.0,2396.2025159150094
395,1200.6621645827727,0.6595448327289313,5.0,6.0,2401.3243291655454
396,2384.509297447336,0.6062713667860423,3.0,3.0,2384.509297447336
397,143.99747035234927,0.45496657699259246,1.0,5.0,2303.9595256375883
398,228.64346795502982,0.5191119974231969,2.0,5.0,1829.1477436402386
399,168.85674178039727,0.6377808588432107,3.0,7.0,2701.7078684863563
400,2234.4832231416026,0.4747759301447122,2.0,2.0,2234.4832231416026
401,109.04158373214023,0.7096467920306901,3.0,7.0,1744.6653397142436
402,630.0696973418262,0.47718654139199385,5.0,6.0,1260.1393946836524
403,4291.912783088822,0.5178092141447896,5.0,3.0,1072.9781957722055
404,19.64273830470694,0.6003145134287499,1.0,7.0,1257.135251501244
405,9694.458500430072,0.6167900092540936,7.0,5.0,2423.614625107518
406,40.523389889174375,0.7134294373358832,1.0,7.0,2593.49695290716
407,22199.557131281512,0.7842955130906402,6.0,3.0,2774.944641410189
408,733.473797619434,0.6154214666649767,3.0,4.0,1466.947595238868
409,7336.379557612038,0.467117572571201,2.0,0.0,1834.0948894030096
410,888.9852482458157,0.610657634903958,2.0,3.0,1777.9704964916314
411,331.43287155063416,0.4764714718861304,2.0,4.0,1325.7314862025366
412,278.5302017113663,0.6165277999890817,1.0,4.0,2228.2416136909305
413,996.8864617567887,0.7317825721111464,4.0,5.0,1993.7729235135773
414,2196.815054209016,0.5919317990496633,4.0,4.0,2196.815054209016
415,135.95594612047375,0.48495430562816394,2.0,5.0,1087.64756896379
416,1114.8050047055553,0.4863796367186266,1.0,2.0,2229.6100094111107
417,18.737424685549676,0.7512692417606737,4.0,11.0,2398.3903597503586
418,165.60195674421763,0.5533264448539186,1.0,5.0,2649.631307907482
419,133.74353995996265,0.7043231529525686,0.0,4.0,2139.8966393594023
420,59.59004112986684,0.5024325512193908,1.0,6.0,1906.881316155739
421,466.3515545241777,0.5686802774820906,3.0,5.0,1865.4062180967107
422,193.51552538233523,0.702060066422902,2.0,5.0,1548.1242030586818
423,30.40396555543103,0.5939729962977961,1.0,7.0,1945.8537955475858
424,1560.4130746179762,0.5133044900886612,6.0,5.0,780.2065373089881
425,468.9012982171236,0.6554129595613076,3.0,5.0,1875.6051928684944
426,241.64807835972516,0.5202157844451029,1.0,4.0,1933.1846268778013
427,753.9099515952332,0.6442066130385655,5.0,5.0,753.9099515952332
428,876.060813454646,0.5198730154678324,3.0,4.0,1752.121626909292
429,128.6274082351501,0.6080740292772425,2.0,6.0,2058.038531762402
430,4957.541557612767,0.7428078563145339,3.0,2.0,2478.7707788063835
431,3699.8140734392223,0.6553067805974393,6.0,5.0,1849.9070367196111
432,94.25289475241166,0.66108464226728,1.0,5.0,1508.0463160385866
433,3684.7637069965413,0.5771313025816897,3.0,2.0,1842.3818534982706
434,293.37428646815135,0.5471520218828492,2.0,5.0,2346.994291745211
435,874.9469213390432,0.5596226308737446,3.0,4.0,1749.8938426780865
436,708.3004310631393,0.652329261459041,1.0,3.0,2833.201724252557
437,4937.931978039324,0.7976816031894438,3.0,2.0,2468.965989019662
438,229.19059049014652,0.4423602839922056,1.0,4.0,1833.5247239211722
439,65.99277523859455,0.5772669268355234,3.0,8.0,2111.7688076350255
440,492.146674518538,0.5182864807847082,2.0,4.0,1968.586698074152
441,133.38260370108586,0.6035724905607825,1.0,5.0,2134.1216592173737
442,20.440539181985322,0.597703520375687,0.0,7.0,2616.3890152941212
443,92.32572091285205,0.5794091406728448,2.0,6.0,1477.2115346056328
444,6931.932130294676,0.6157476830902808,6.0,4.0,1732.983032573669
445,1876.7206611883082,0.7351818661059625,2.0,2.0,1876.7206611883082
446,11.553028618489124,0.57139109466032,1.0,9.0,2957.575326333216
447,84.78670596076932,0.5387302571714285,0.0,5.0,2713.1745907446184
448,2728.4917503579672,0.46300072181977636,3.0,2.0,1364.2458751789836
449,311.73954155515446,0.6377078628556145,1.0,4.0,2493.9163324412357
450,3038.0134258551334,0.5768015820537252,3.0,2.0,1519.0067129275667
451,28.948858542388095,0.5971356458074799,0.0,6.0,1852.726946712838
452,727.5582500294652,0.5537083405778898,1.0,2.0,1455.1165000589303
453,860.7995945331829,0.5733136597174904,5.0,6.0,1721.5991890663659
454,373.85777672628774,0.7019123343107168,5.0,7.0,1495.431106905151
455,5843.772285110727,0.5447833328027225,4.0,3.0,2921.8861425553637
456,431.58980707813834,0.49204660309718945,2.0,4.0,1726.3592283125533
457,1005.5881169897758,0.7133034155669207,3.0,4.0,2011.1762339795516
458,2156.592764496337,0.6389312128364834,2.0,2.0,2156.592764496337
459,536.2238936914946,0.5771103657363637,3.0,5.0,2144.8955747659784
460,2098.073251257491,0.773614708719685,4.0,4.0,2098.073251257491
461,123.49508329251218,0.5602082876666916,0.0,4.0,1975.9213326801948
462,78.97819022543368,0.5245319077221506,1.0,4.0,631.8255218034694
463,351.6720764037908,0.6253360360568591,3.0,6.0,2813.3766112303265
464,22442.93710600763,0.5116303798164527,5.0,2.0,2805.3671382509538
465,11.448317562667295,0.6454428748987001,0.0,7.0,1465.3846480214138
466,96.80035119780828,0.7368815479600123,2.0,6.0,1548.8056191649325
467,1247.4848954070633,0.6725116133484994,1.0,2.0,2494.9697908141266
468,80.63443732342292,0.6306794234443067,2.0,7.0,2580.3019943495333
469,563.2928831631447,0.6264225966215774,1.0,3.0,2253.1715326525787
470,99.56551059275547,0.7526392369564406,2.0,6.0,1593.0481694840876
471,1292.0369873294553,0.7294117396801214,3.0,3.0,1292.0369873294553
472,2146.541736601256,0.46706462286647316,1.0,1.0,2146.541736601256
473,445.8606263608767,0.6022325403232355,2.0,4.0,1783.442505443507
474,2590.8976094525174,0.6276163469172442,2.0,2.0,2590.8976094525174
475,2821.742465120004,0.5476923321442765,4.0,4.0,2821.742465120004
476,192.71606908908018,0.6887866941745272,2.0,5.0,1541.7285527126414
477,893.7974707065777,0.6356844141788139,3.0,4.0,1787.5949414131553
478,2170.205810986647,0.5877152549840585,2.0,2.0,2170.205810986647
479,35.85581299076172,0.28290380525274006,0.0,5.0,1147.386015704375
480,218.65803304912055,0.6728690198252129,1.0,4.0,1749.2642643929644
481,533.0822526864622,0.5372671240578355,3.0,5.0,2132.329010745849
482,215.06082095586822,0.618446769401231,3.0,6.0,1720.4865676469458
483,22.335698402472705,0.54683653929743,0.0,6.0,1429.484697758253
484,78.99586738065422,0.6831735515770483,4.0,9.0,2527.867756180935
485,2696.6365478934536,0.7663798083064545,3.0,3.0,2696.6365478934536
486,1879.3801458037865,0.7049967652027922,2.0,2.0,1879.3801458037865
487,556.8994727337247,0.6667384829547194,2.0,4.0,2227.5978909348987
488,660.5913575977715,0.5568118622876639,1.0,3.0,2642.365430391086
489,4683.475097693728,0.7433332213523336,3.0,2.0,2341.737548846864
490,929.9458927208962,0.4987531716053078,1.0,2.0,1859.8917854417923
491,479.98825438624806,0.6419612525781968,2.0,4.0,1919.9530175449922
492,817.2827190790225,0.8409403536595002,2.0,3.0,1634.565438158045
493,4780.097445887258,0.6003351367377449,4.0,3.0,2390.048722943629
494,3719.8560773272366,0.6744969266808423,1.0,0.0,1859.9280386636183
495,6798.261493895375,0.6430428577227469,3.0,1.0,1699.5653734738437
496,335.5212922798196,0.49997696348421883,3.0,6.0,2684.1703382385567
497,13.810786797549216,0.6179365323282305,2.0,9.0,1767.7807100862997
498,2698.055104330139,0.7110735148500466,5.0,4.0,1349.0275521650694
499,973.4369301237577,0.6197044080989399,1.0,2.0,1946.8738602475155
500,86.15016400408697,0.5953593871774935,0.0,5.0,2756.805248130783
501,1054.8073993172836,0.6326078407690372,5.0,6.0,2109.6147986345673
502,15.61765694868553,0.5498818246182366,1.0,7.0,999.5300447158739
503,15.947271362269692,0.5772487936449623,0.0,7.0,2041.2507343705206
504,228.7171948002355,0.4274726615786712,2.0,5.0,1829.737558401884
505,413.4192252687589,0.7668331958356338,5.0,7.0,1653.6769010750356
506,268.76720374015105,0.7410728798537424,2.0,5.0,2150.1376299212084
507,66.68465225302414,0.41627758650170743,0.0,5.0,2133.9088720967725
508,155.5948053148769,0.6932151745791346,2.0,6.0,2489.5168850380305
509,1325.6306928087465,0.5960334967487362,2.0,3.0,2651.261385617493
510,312.6564046168991,0.6947922531035735,3.0,5.0,1250.6256184675965
511,88.22560439119931,0.5557703555891109,4.0,8.0,1411.609670259189
512,404.571272159092,0.4981519368368431,1.0,3.0,1618.285088636368
513,932.028076011775,0.6890022477016832,1.0,2.0,1864.05615202355
514,28.35005326429433,0.5573502514027356,1.0,7.0,1814.4034089148372
515,1948.2586261828028,0.521059594887388,3.0,3.0,1948.2586261828028
516,477.43294459811165,0.5688570746985157,2.0,4.0,1909.7317783924466
517,448.95932598046903,0.5176630985607351,2.0,4.0,1795.8373039218761
518,31706.301868674393,0.5495012625420757,9.0,5.0,1981.6438667921495
519,3006.8579680803955,0.6931420678171509,5.0,4.0,1503.4289840401977
520,520.3880067853613,0.6339595204179348,2.0,4.0,2081.5520271414453
521,932.3060764492824,0.6245271842210246,3.0,4.0,1864.6121528985648
522,133.20624305016457,0.5744099674252827,0.0,4.0,2131.299888802633
523,575.018740099993,0.5964093889410575,4.0,6.0,2300.074960399972
524,2937.945525561986,0.7658547089035461,4.0,3.0,1468.972762780993
525,550.0069465238054,0.6614149536236664,3.0,5.0,2200.0277860952215
526,135.99685513163712,0.718046207402028,1.0,5.0,2175.949682106194
527,764.3921335494615,0.6273697471294494,2.0,3.0,1528.784267098923
528,8.549357724778996,0.616842648949761,1.0,9.0,2188.635577543423
529,61.52632495659627,0.5154716337025067,0.0,5.0,1968.8423986110806
530,338.1189186701929,0.3946016120958906,1.0,3.0,1352.4756746807716
531,558.4561954629629,0.4965016138127987,3.0,5.0,2233.8247818518516
532,28.263232061020698,0.6966850500723474,0.0,6.0,1808.8468519053247
533,427.54216066606483,0.6496897332780349,3.0,5.0,1710.1686426642593
534,79.35610085200997,0.7798548775816629,3.0,8.0,2539.395227264319
535,232.68652446494696,0.722839031722976,4.0,6.0,930.7460978597878
536,18824.880924687903,0.5883471585103475,6.0,2.0,1176.555057792994
537,933.5121530680306,0.7746386132317631,4.0,5.0,1867.024306136061
538,228.05589785543683,0.634710946165891,3.0,6.0,1824.4471828434946
539,225.9976495785609,0.5781966823214042,1.0,4.0,1807.9811966284872
540,401.3951022071201,0.6359291600842335,1.0,3.0,1605.5804088284804
541,449.6033219335609,0.624567403147624,0.0,2.0,1798.4132877342436
542,3617.273296758108,0.5418663791280843,2.0,1.0,1808.636648379054
543,1483.3070950725232,0.7348775318479729,2.0,2.0,1483.3070950725232
544,197.10014649620388,0.6117851004505128,3.0,6.0,1576.801171969631
545,554.2033946426847,0.6595553909257614,2.0,4.0,2216.8135785707386
546,40.53982648856204,0.6498028552440644,2.0,7.0,1297.2744476339853
547,1132.7796890960215,0.5689749560168504,1.0,2.0,2265.559378192043
548,123.32912905287226,0.730817475539663,3.0,7.0,1973.2660648459562
549,1721.1347610580995,0.6799086787943123,1.0,1.0,1721.1347610580995
550,3329.1095873551785,0.5425930640141088,4.0,3.0,1664.5547936775893
551,130.88989114210838,0.5634102742918612,3.0,7.0,2094.238258273734
552,83.87432941423909,0.6727934593490074,1.0,5.0,1341.9892706278254
553,34.07146972725482,0.5283726988643223,1.0,7.0,2180.5740625443086
554,155.08541955058516,0.6136124555044428,1.0,5.0,2481.3667128093625
555,9340.177797101678,0.6205323072289388,4.0,2.0,2335.0444492754195
556,2190.612884805154,0.6383629799006573,3.0,3.0,2190.612884805154
557,8229.019984936613,0.7621307937212767,5.0,3.0,2057.254996234153
558,244.96906710939723,0.5812081950148392,1.0,4.0,1959.7525368751778
559,21916.724124756915,0.5366218763664207,4.0,1.0,2739.5905155946143
560,1992.5792194483447,0.44810892761425525,4.0,4.0,1992.5792194483447
561,11.264149675871963,0.713737016639584,1.0,8.0,1441.8111585116112
562,193.74994199053015,0.5508450022641397,1.0,4.0,1549.9995359242412
563,62.901912161960034,0.563784972603578,2.0,7.0,2012.861189182721
564,37.580197550874274,0.6092850054883809,2.0,7.0,1202.5663216279768
565,11.459629216106224,0.590904366737666,3.0,10.0,1466.8325396615967
566,61.85842040882879,0.7537969141785655,3.0,8.0,1979.4694530825213
567,23688.77874292598,0.7532979806185239,5.0,2.0,2961.0973428657476
568,412.3782061222542,0.6984574469586894,3.0,5.0,1649.5128244890168
569,5596.810212288898,0.6128103993498091,3.0,2.0,2798.405106144449
570,54.74107340667501,0.6358582503294377,0.0,5.0,1751.7143490136002
571,9.167782994013455,0.7297756146525098,2.0,10.0,2346.9524464674446
572,1656.7878976184636,0.7329080964430125,6.0,6.0,1656.7878976184636
573,3088.2878945681764,0.44845545402047926,3.0,3.0,3088.2878945681764
574,14.788906329278364,0.5340479509816919,0.0,7.0,1892.9800101476305
575,3432.5335717876505,0.4813221142399251,4.0,3.0,1716.2667858938253
576,270.98287788414996,0.6928220776850359,2.0,5.0,2167.8630230731997
577,8998.527532511442,0.5464308586270787,7.0,5.0,2249.6318831278604
578,1451.3317041603007,0.5965331711729589,5.0,6.0,2902.6634083206013
579,3086.2455015973756,0.5727647454187094,4.0,3.0,1543.1227507986878
580,617.9272802286725,0.4118229663543036,2.0,4.0,2471.70912091469
581,436.3445721219887,0.594363713653663,3.0,5.0,1745.3782884879547
582,202.31110413838707,0.6405693217435388,2.0,5.0,1618.4888331070965
583,1203.4914348869556,0.7289125636465956,4.0,5.0,2406.9828697739113
584,458.73471059640235,0.5528751281590791,3.0,5.0,1834.9388423856094
585,58627.48306342926,0.6912051917352635,8.0,3.0,1832.1088457321644
586,1647.039020114132,0.6754830066310482,4.0,4.0,1647.039020114132
587,147.01519750938553,0.5180442228894789,1.0,5.0,2352.2431601501685
588,368.4661806638447,0.6267931875051866,1.0,3.0,1473.8647226553787
589,319.5196900703223,0.7193026897577183,3.0,5.0,1278.0787602812893
590,1209.5013954325414,0.6043982141205936,2.0,3.0,2419.0027908650827
591,840.6089725564563,0.7108120668050347,3.0,4.0,1681.2179451129125
592,1260.19066062746,0.6839005280279962,4.0,5.0,2520.38132125492
593,3453.4692351310196,0.6092337079761225,2.0,2.0,3453.4692351310196
594,4557.735724116159,0.7625620928844571,4.0,3.0,2278.8678620580795
595,39.457675333391784,0.37421239269118056,1.0,7.0,2525.291221337074
596,679.9991015379827,0.5324229101557355,3.0,5.0,2719.996406151931
597,34801.414799284685,0.6181168315068927,7.0,3.0,2175.088424955293
598,12961.959447918625,0.4890745801320025,3.0,0.0,1620.2449309898282
599,11940.887115151192,0.5140231979565228,6.0,4.0,2985.221778787798
600,3869.4854822260004,0.5959583775440341,5.0,4.0,1934.7427411130002
601,358.13442853951983,0.6974631738135746,5.0,7.0,1432.5377141580793
602,118.83474620658052,0.49715913042171644,1.0,5.0,1901.3559393052883
603,126.4720710143428,0.427035591713292,0.0,4.0,2023.5531362294848
604,154.36031862028057,0.7741733065246822,1.0,5.0,2469.765097924489
605,1562.7902216144857,0.6124302601407585,3.0,3.0,1562.7902216144857
606,1311.3382356336033,0.6869660504207498,2.0,3.0,2622.6764712672066
607,2251.038212797838,0.5474974788277727,2.0,2.0,2251.038212797838
608,1574.6643716043147,0.534378652569664,4.0,4.0,1574.6643716043147
609,527.6228611078149,0.4492359866693201,1.0,3.0,2110.4914444312594
610,895.2214754213348,0.405753258038988,2.0,3.0,1790.4429508426697
611,284.0849669372145,0.7513741871650134,2.0,5.0,2272.679735497716
612,428.6957986830656,0.4003212378728803,3.0,5.0,1714.7831947322625
613,1164.5377520630996,0.5934547929938389,1.0,2.0,2329.075504126199
614,261.5114775956175,0.6021324722033561,3.0,5.0,1046.04591038247
615,319.343560146763,0.5391467164187154,2.0,5.0,2554.748481174104
616,143.64981008136866,0.6125312962072628,2.0,6.0,2298.3969613018985
617,93.10157672867854,0.47811042794511205,0.0,4.0,1489.6252276588566
618,87.20678177117139,0.4031153999374779,1.0,6.0,2790.6170166774846
619,373.82333712645357,0.5856300685556278,2.0,5.0,2990.5866970116285
620,1573.8462391893797,0.6454794239071138,2.0,2.0,1573.8462391893797
621,1446.4057427191433,0.6309205261989945,3.0,4.0,2892.8114854382866
622,149.79432804965654,0.5090100600793857,3.0,6.0,1198.3546243972523
623,3369.994143932604,0.5917641604728179,4.0,3.0,1684.997071966302
624,1319.6733576185159,0.5896739854995462,3.0,4.0,2639.3467152370317
625,748.5346871580994,0.46158227110003913,1.0,3.0,2994.1387486323974
626,4612.287740387398,0.5422841653225491,4.0,3.0,2306.143870193699
627,1542.093846329832,0.6445655574008269,1.0,2.0,3084.187692659664
628,689.3758291282253,0.5483418326632006,1.0,3.0,2757.503316512901
629,322.12595703491354,0.6556590439767581,1.0,4.0,2577.0076562793083
630,60.578154455006924,0.5864121707243899,1.0,6.0,1938.5009425602216
631,3792.7839826309573,0.5442836712794912,2.0,1.0,1896.3919913154787
632,3557.948937775551,0.5342804849993603,4.0,3.0,1778.9744688877754
633,9.585933736367728,0.3999420200315634,2.0,9.0,1226.9995182550692
634,33.354143939533515,0.5827965964221177,1.0,7.0,2134.665212130145
635,24257.88884025739,0.6822497755247365,4.0,1.0,3032.236105032174
636,33.01352791751324,0.715421607792859,0.0,6.0,2112.865786720847
637,577.8399756390652,0.5432657227676733,5.0,7.0,2311.3599025562607
638,627.0164055818716,0.6786144470291038,3.0,5.0,2508.0656223274864
639,15.772982848441336,0.6528248071505779,3.0,10.0,2018.941804600491
640,111.42654214040533,0.4539311478545811,2.0,6.0,1782.8246742464853
641,1054.3099029009002,0.40660740554677555,4.0,5.0,2108.6198058018003
642,2060.645909815087,0.7421268428726746,4.0,3.0,1030.3229549075436
643,5210.6407769189045,0.463974253664442,5.0,3.0,1302.6601942297261
644,1263.5216063693088,0.6343532901780202,3.0,4.0,2527.0432127386175
645,3964.2663449999445,0.6969993338837899,2.0,1.0,1982.1331724999723
646,4118.048586824227,0.6712288612221217,4.0,3.0,2059.0242934121134
647,111.37223917350255,0.8361054391230809,2.0,6.0,1781.9558267760408
648,371.9310040877203,0.6763117351415066,0.0,2.0,1487.7240163508811
649,4.223657925143918,0.452290109073661,1.0,10.0,2162.512857673686
650,529.6857968138586,0.496182042123032,0.0,2.0,2118.7431872554343
651,275.28115259482286,0.624406657495848,2.0,5.0,2202.249220758583
652,297.73783733846886,0.5377992278405067,3.0,6.0,2381.902698707751
653,100.30398315886156,0.6946484800847612,2.0,6.0,1604.863730541785
654,12578.63490215585,0.7520260751564269,8.0,5.0,1572.3293627694813
655,85.855177559125,0.655223540994988,2.0,7.0,2747.365681892
656,385.0042584621354,0.5355620403986527,2.0,4.0,1540.0170338485416
657,67.26939842618015,0.6577633116842494,2.0,7.0,2152.6207496377647
658,552.9893572501765,0.5425948800638467,2.0,4.0,2211.957429000706
659,7138.149464515351,0.6500560609981061,4.0,2.0,1784.5373661288377
660,23.044656962779,0.3464796006332304,1.0,7.0,1474.858045617856
661,42734.65013191737,0.564693637760078,6.0,2.0,2670.9156332448356
662,3546.8571677673563,0.5404157451133895,5.0,4.0,1773.4285838836781
663,1734.7056740722564,0.5734448810201797,3.0,3.0,1734.7056740722564
664,17.26517037763102,0.7009450662298061,0.0,7.0,2209.9418083367705
665,8258.9214430471,0.7549818317822358,4.0,2.0,2064.730360761775
666,1842.0602520308244,0.5278958510221816,5.0,5.0,1842.0602520308244
667,797.1025336482235,0.5782681371307163,3.0,4.0,1594.205067296447
668,31.37420687063125,0.6406372121921156,2.0,8.0,2007.9492397204
669,1078.3221605214467,0.7173005220057251,3.0,4.0,2156.6443210428934
670,83.80100506536937,0.657742182057891,1.0,6.0,2681.6321620918197
671,524.163212315571,0.591495801661257,4.0,6.0,2096.652849262284
672,209.9724809051033,0.6288651307379483,2.0,5.0,1679.7798472408265
673,103.29084856438027,0.4852736757546347,1.0,4.0,826.3267885150422
674,2320.860805572877,0.6315901885716554,5.0,5.0,2320.860805572877
675,1468.4511259645446,0.6227975002426871,4.0,4.0,1468.4511259645446
676,9470.659786079952,0.45514250329788913,6.0,4.0,2367.664946519988
677,779.8747846676357,0.6042363973443826,2.0,4.0,3119.499138670543
678,163.09637817664148,0.4771967215513108,1.0,5.0,2609.5420508262637
679,47.218942064080025,0.7603395543173654,4.0,9.0,1511.0061460505608
680,101.66621354764487,0.37870245796548174,1.0,5.0,1626.659416762318
681,61.21051330807157,0.5163348787613283,0.0,5.0,1958.7364258582902
682,230.74088472147622,0.5547783263807319,2.0,5.0,1845.9270777718098
683,46.23037786415872,0.6264303876600699,2.0,8.0,2958.744183306158
684,471.86872453978873,0.3881562203688916,6.0,8.0,1887.474898159155
685,857.2726966638161,0.5956293753536779,1.0,2.0,1714.5453933276322
686,1075.6260566847106,0.4802931361718384,3.0,4.0,2151.2521133694213
687,234.34000224809157,0.5698948973369021,3.0,6.0,1874.7200179847325
688,175.1276630886932,0.518154264929647,1.0,4.0,1401.0213047095456
689,252.33359456694905,0.4497282952150713,1.0,4.0,2018.6687565355924
690,47.283596221303895,0.4039661345188241,1.0,4.0,378.26876977043116
691,1233.4064634394783,0.663852778910289,5.0,6.0,2466.8129268789567
692,177.74190100196498,0.5801852830974417,3.0,7.0,2843.8704160314396
693,3386.655941794356,0.7715259924178166,4.0,3.0,1693.327970897178
694,1484.030546055164,0.5990517404942542,2.0,2.0,1484.030546055164
695,946.5639884336559,0.68012438186425,2.0,3.0,1893.1279768673119
696,10.762623535555953,0.5950288540581313,0.0,7.0,1377.615812551162
697,149.40715382230428,0.48142305381557204,2.0,6.0,2390.5144611568685
698,285.70008286546295,0.6636404637616516,3.0,6.0,2285.6006629237036
699,177.61446280344927,0.5340979738375352,0.0,4.0,2841.8314048551883
700,413.6617795506626,0.6572653640646494,3.0,5.0,1654.6471182026503
701,72040.71455834225,0.7272421088859409,5.0,0.0,2251.2723299481954
702,2327.2636522630946,0.5911027289925908,1.0,1.0,2327.2636522630946
703,761.1848452888769,0.546483063526961,3.0,4.0,1522.3696905777538
704,334.88617276235897,0.4528325510205232,2.0,5.0,2679.0893820988717
705,86.99158128725851,0.4462587328473565,0.0,5.0,2783.7306011922724
706,395.0381323048083,0.3645022936429095,1.0,3.0,1580.1525292192332
707,12327.783936721105,0.6882334649233859,7.0,4.0,1540.9729920901382
708,2112.9791647281318,0.5873235470142045,2.0,1.0,1056.4895823640659
709,148.4254562944494,0.7434294000596788,2.0,6.0,2374.8073007111902
710,92.09104656790929,0.7095066154693347,0.0,4.0,1473.4567450865486
711,9280.250509508347,0.6324590421178629,6.0,4.0,2320.0626273770868
712,109.5313965991463,0.6504055320413121,2.0,6.0,1752.5023455863409
713,175.1411983856584,0.661276912797277,3.0,6.0,1401.1295870852673
714,10067.928467501835,0.5036303910438341,5.0,3.0,2516.982116875459
715,1206.1849341400373,0.7323454070300842,5.0,6.0,2412.3698682800746
716,321.7324713913212,0.6892143649324819,1.0,3.0,1286.9298855652848
717,6652.318600644519,0.5696113999004817,4.0,2.0,1663.0796501611298
718,206.8964447425812,0.7303971245008415,2.0,5.0,1655.1715579406496
719,7.7399452205097745,0.6176560911322884,0.0,8.0,1981.4259764505023
720,2476.6018331669925,0.5851664072176205,1.0,0.0,1238.3009165834962
721,768.4618150114095,0.5707761660816749,1.0,2.0,1536.923630022819
722,4391.939075871858,0.5223917109681762,1.0,0.0,2195.969537935929
723,278.6069235932209,0.7024937361148619,2.0,5.0,2228.8553887457674
724,337.0765780438984,0.6951968511228409,4.0,7.0,2696.612624351187
725,484.6350722391917,0.6899431849332338,2.0,4.0,1938.5402889567667
726,1712.507453302092,0.6672842551396646,6.0,6.0,1712.507453302092
727,1487.6683135626627,0.5936180393320778,3.0,3.0,1487.6683135626627
728,258.72428401380563,0.5584712270524035,3.0,6.0,2069.794272110445
729,1584.1396715554824,0.600292921982198,3.0,3.0,1584.1396715554824
730,3899.507583489202,0.6148476227276687,2.0,1.0,1949.753791744601
731,3154.9303495182357,0.6780213104268027,6.0,5.0,1577.4651747591179
732,189.2536857002496,0.4625977705483141,0.0,4.0,3028.0589712039937
733,67281.78559340892,0.8049409693721584,6.0,1.0,2102.5557997940286
734,430.6619830069603,0.5058590254951212,0.0,2.0,1722.6479320278413
735,20.331027363548174,0.5311624514185334,1.0,8.0,2602.371502534166
736,5612.969095811436,0.6248120053974029,4.0,3.0,2806.484547905718
737,2448.892251399341,0.556265768627693,2.0,2.0,2448.892251399341
738,439.4651219194717,0.524270984840109,2.0,3.0,878.9302438389434
739,311.79548653895665,0.7047002852826494,3.0,5.0,1247.1819461558266
740,83.9228258075824,0.5050504250822412,3.0,8.0,2685.5304258426368
741,37.37484851058014,0.5775556928879755,1.0,6.0,1195.9951523385644
742,2641.5951712168844,0.6749428081122998,4.0,3.0,1320.7975856084422
743,160.18158571960254,0.7664042764799471,2.0,6.0,2562.9053715136406
744,952.5485535598827,0.6751823691923774,2.0,3.0,1905.0971071197655
745,499.9385195068157,0.6513432396196455,2.0,4.0,1999.7540780272627
746,453.7122064318125,0.690362260855226,1.0,3.0,1814.84882572725
747,5293.982048102129,0.7152667698007088,4.0,2.0,1323.4955120255322
748,7161.055408053771,0.4959591722753098,4.0,2.0,1790.2638520134428
749,396.7572413368491,0.7703982646182822,5.0,7.0,1587.0289653473965
750,26.528995260109838,0.6731546716159083,1.0,6.0,848.9278483235148
751,2063.937952075943,0.6193776715086291,3.0,2.0,1031.9689760379715
752,348.61099988428737,0.5851148064770294,1.0,4.0,2788.887999074299
753,3128.6653157433784,0.703380103692514,5.0,4.0,1564.3326578716892
754,128.4197227783215,0.5741141533324443,2.0,6.0,2054.715564453144
755,256.34301973864274,0.5166505271910161,2.0,5.0,2050.744157909142
756,2883.1057066256835,0.4627825461742753,2.0,2.0,2883.1057066256835
757,212.29384855179381,0.497291062643194,0.0,3.0,1698.3507884143505
758,65943.81994342527,0.746838358488881,6.0,1.0,2060.74437323204
759,1111.6485741423755,0.441700804801422,2.0,3.0,2223.297148284751
760,6574.060372923677,0.5632041989387786,4.0,2.0,1643.5150932309193
761,3560.8252092022526,0.5616252527846223,2.0,1.0,1780.4126046011263
762,94.50927996763733,0.5241814493519427,0.0,4.0,1512.1484794821972
763,1019.5139516574171,0.7725004744985108,4.0,5.0,2039.0279033148342
764,485.6915075002527,0.8047130297584513,3.0,5.0,1942.766030001011
765,344.469904501495,0.5759811426085131,0.0,3.0,2755.75923601196
766,402.8090947628586,0.6196300271892535,4.0,6.0,1611.2363790514344
767,5267.598147092629,0.7576237615292052,5.0,4.0,2633.7990735463145
768,144.06052449531524,0.5965456188736492,2.0,6.0,2304.9683919250438
769,9939.028381996059,0.623184744433456,3.0,1.0,2484.7570954990147
770,2311.001632522225,0.6437364512380489,3.0,3.0,2311.001632522225
771,93.20133364132661,0.6905514032096236,2.0,6.0,1491.2213382612258
772,62.00151003040877,0.7061205600211722,2.0,7.0,1984.0483209730805
773,4668.375510427521,0.5691955189957475,3.0,2.0,2334.1877552137603
774,5342.8739981623075,0.5709312409722851,4.0,2.0,1335.7184995405769
775,17827.33487960007,0.7259195751134013,6.0,3.0,2228.4168599500085
776,1.1447296898147212,0.6354574507606008,1.0,12.0,2344.406404740549
777,19691.88951905315,0.6033818256914656,7.0,3.0,1230.743094940822
778,5443.022541092214,0.5295458132459905,7.0,6.0,2721.511270546107
779,67.85406889190224,0.6271857753013371,0.0,5.0,2171.330204540872
780,259.8604378037481,0.5811157289476779,2.0,5.0,2078.8835024299847
781,9634.515971496603,0.8043125629401311,5.0,3.0,2408.6289928741508
782,11226.378656035507,0.6718087752963273,4.0,2.0,2806.594664008877
783,511.2186739490937,0.7308278541094052,5.0,7.0,2044.874695796375
784,70.64499548151396,0.4941191478697037,1.0,6.0,2260.6398554084467
785,1218.9514364410004,0.4559523276423079,1.0,1.0,1218.9514364410004
786,484.26347724363904,0.40714186746550085,1.0,3.0,1937.0539089745562
787,56582.34931302832,0.64963159931809,7.0,2.0,1768.198416032135
788,1994.2255014146172,0.6416401188178981,3.0,3.0,1994.2255014146172
789,7281.61506373461,0.6372550466422546,3.0,1.0,1820.4037659336525
790,8649.923881470026,0.5992363722657228,4.0,2.0,2162.4809703675064
791,19869.14155161947,0.7567734971486322,4.0,1.0,2483.6426939524335
792,44.55910256175143,0.6783141370510921,1.0,6.0,1425.8912819760458
793,213.94208066258827,0.6542465108811218,1.0,4.0,1711.5366453007061
794,153.06394473233422,0.5801415370777506,3.0,6.0,1224.5115578586738
795,7.1781578818158085,0.6242170460720282,3.0,11.0,1837.608417744847
796,4749.050696949616,0.6756992449208186,2.0,1.0,2374.525348474808
797,25.676058499643254,0.5451044596628072,1.0,7.0,1643.2677439771683
798,442.4524540186053,0.706663062414681,4.0,6.0,1769.8098160744212
799,21.786203192475803,0.454126741540979,0.0,6.0,1394.3170043184514
800,178.681759772769,0.6691484710196459,4.0,7.0,1429.454078182152
801,150.47436414000484,0.514557079311427,2.0,6.0,2407.5898262400774
802,637.1504802478892,0.5894164407892261,2.0,4.0,2548.6019209915567
803,224.68022632097285,0.6394438429488041,3.0,6.0,1797.4418105677828
804,5.170276919941422,0.5388045751931625,0.0,9.0,2647.181783010008
805,333.7895694848936,0.4628218139475838,1.0,3.0,1335.1582779395744
806,1858.6292004716013,0.6652358265395868,2.0,2.0,1858.6292004716013
807,969.7368019918786,0.7164310127946333,3.0,4.0,1939.4736039837571
808,481.3480241605867,0.7383369478329189,3.0,5.0,1925.3920966423468
809,5035.201544801723,0.5519071473539084,6.0,5.0,2517.6007724008614
810,2036.7479632802797,0.4635048526409408,2.0,2.0,2036.7479632802797
811,194.06552706237412,0.5725109886953057,1.0,4.0,1552.524216498993
812,40.72737885652185,0.5081920494667425,1.0,6.0,1303.2761234086993
813,553.2843935101312,0.640516936557551,4.0,5.0,1106.5687870202623
814,1658.7276975942575,0.5871885766878938,4.0,4.0,1658.7276975942575
815,63.3783617818119,0.5914692416862306,1.0,6.0,2028.1075770179807
816,875.574619042487,0.4515088784839187,2.0,3.0,1751.149238084974
817,38019.394174123554,0.5976671706310986,5.0,0.0,1188.106067941361
818,272.7420671628412,0.562334650163424,1.0,4.0,2181.9365373027294
819,310.11568108136134,0.6749539478411041,2.0,5.0,2480.9254486508908
820,3085.4231951377205,0.4936586636952823,4.0,4.0,3085.4231951377205
821,28225.696248479133,0.7884739702974379,5.0,1.0,1764.1060155299458
822,13.605869092646145,0.6073621126195687,2.0,9.0,1741.5512438587066
823,4532.436181966736,0.5255535206364762,4.0,2.0,1133.109045491684
824,241.460020259195,0.6422306938301502,3.0,6.0,1931.68016207356
825,203.28856478980282,0.7719869905956247,4.0,7.0,1626.3085183184226
826,222.42978701715455,0.6142001304988096,4.0,7.0,1779.4382961372364
827,237.17323741933515,0.3949801176963199,0.0,3.0,1897.3858993546812
828,1084.7694404176582,0.4719661477460636,1.0,2.0,2169.5388808353164
829,1375.3453180627419,0.48266540350865916,1.0,2.0,2750.6906361254837
830,102.54061717142395,0.6640309276547633,1.0,5.0,1640.6498747427831
831,313.14684045388316,0.593953863025093,3.0,6.0,2505.1747236310653
832,1228.2887772812737,0.5415558956676075,2.0,2.0,1228.2887772812737
833,8523.632591779398,0.6943397521385928,3.0,1.0,2130.9081479448496
834,96.22599179855845,0.5587557901123079,1.0,5.0,1539.6158687769353
835,166.3033161058246,0.44660309316044144,2.0,6.0,2660.8530576931935
836,521.723232821995,0.6582237912053764,3.0,3.0,521.723232821995
837,2153.9045007419627,0.6043951874201197,2.0,2.0,2153.9045007419627
838,1471.4225974633218,0.6351350526540221,3.0,3.0,1471.4225974633218
839,257.4545311043206,0.571057440588119,3.0,6.0,2059.636248834565
840,1408.3033551809344,0.5193889172578249,3.0,3.0,1408.3033551809344
841,1559.075467251947,0.6442966238073327,4.0,5.0,3118.150934503894
842,881.6554934552603,0.5930308750939736,1.0,2.0,1763.3109869105206
843,178.41080708780297,0.630594462536017,3.0,7.0,2854.5729134048474
844,8583.321792387353,0.7382152150487461,7.0,5.0,2145.830448096838
845,211.00145077391915,0.5493226781017077,2.0,6.0,3376.0232123827063
846,266.53626532026635,0.5045968367674513,1.0,4.0,2132.290122562131
847,250.31319874700193,0.5318368580576212,0.0,3.0,2002.5055899760155
848,7.083213497183675,0.4415904762156709,0.0,8.0,1813.3026552790209
849,1125.5081899686998,0.5582538558251419,2.0,3.0,2251.0163799373995
850,2831.1746334747118,0.6277429273718085,4.0,4.0,2831.1746334747118
851,1567.2098695829268,0.553747968443637,4.0,3.0,783.6049347914634
852,205.74263995457795,0.5138245134604212,1.0,4.0,1645.9411196366236
853,296.0253780597074,0.640363747630408,2.0,5.0,2368.2030244776593
854,2398.967490751169,0.6102833323943982,2.0,2.0,2398.967490751169
855,3388.1507831955796,0.502873267732932,4.0,3.0,1694.0753915977898
856,596.3891533875504,0.516351916464135,1.0,3.0,2385.5566135502017
857,848.4257044377692,0.6235162534031347,1.0,2.0,1696.8514088755385
858,717.9284013423451,0.6133707082178117,2.0,3.0,1435.8568026846901
859,520.8360657598105,0.7147761942985678,2.0,4.0,2083.344263039242
860,39.910909421300026,0.6769794957789328,1.0,7.0,2554.2982029632017
861,9576.155440168515,0.6879601929253982,6.0,4.0,2394.038860042129
862,165.88668811062965,0.6954151424821974,2.0,6.0,2654.1870097700744
863,366.42463350443353,0.5182751046924189,3.0,6.0,2931.3970680354682
864,136.20547573604284,0.4980054506403487,3.0,7.0,2179.2876117766855
865,1118.8018334424776,0.5468686541894601,4.0,5.0,2237.603666884955
866,50.55747497514157,0.3703613761260738,0.0,5.0,1617.8391992045301
867,2991.808656154122,0.5213076771948891,5.0,4.0,1495.904328077061
868,56.898590086601295,0.6037337444461595,1.0,6.0,1820.7548827712415
869,3725.0399616452123,0.8475832997214471,4.0,3.0,1862.5199808226062
870,15.080415550870159,0.512161608916135,0.0,7.0,1930.2931905113803
871,203.06876408478809,0.6463563502339142,2.0,5.0,1624.5501126783047
872,4677.189485623846,0.5167030049366795,2.0,1.0,2338.594742811923
873,29286.65833915401,0.7841010883386368,6.0,2.0,1830.4161461971257
874,441.4759032885199,0.4765221598942414,1.0,3.0,1765.9036131540795
875,10544.278955819926,0.6659661732546404,5.0,2.0,1318.0348694774907
876,2697.2149044033276,0.6387320722638354,5.0,4.0,1348.6074522016638
877,867.2050327028438,0.48256892121725764,1.0,2.0,1734.4100654056876
878,343.98403344046545,0.5431368023179052,2.0,5.0,2751.8722675237236
879,445.7519479439753,0.674979902550462,2.0,4.0,1783.0077917759013
880,31.95194632875038,0.6969821371314955,1.0,7.0,2044.9245650400244
881,532.6303677044608,0.6060251911521044,2.0,4.0,2130.5214708178432
882,6750.598755933396,0.6147150449703939,6.0,4.0,1687.649688983349
883,1179.7409573826335,0.7095187381776069,1.0,2.0,2359.481914765267
884,1574.6233608443365,0.6001209758755798,1.0,2.0,3149.246721688673
885,1265.7201855865717,0.6455892442104176,4.0,4.0,1265.7201855865717
886,301.44566888537486,0.717273326504264,2.0,5.0,2411.565351082999
887,391.87076698072514,0.5873503389131424,1.0,3.0,1567.4830679229005
888,13197.67306151971,0.5506765146963498,5.0,2.0,1649.7091326899638
889,2000.4216110848465,0.6392382101091005,5.0,5.0,2000.4216110848465
890,108.99607470085307,0.39207016134089023,1.0,5.0,1743.9371952136491
891,229.0737741730305,0.5815667464121227,1.0,4.0,1832.590193384244
892,378.039025056449,0.6711517705001722,2.0,5.0,3024.312200451592
893,2379.036957982688,0.6384912335070478,1.0,1.0,2379.036957982688
894,4884.188989891049,0.6212988721983012,3.0,2.0,2442.0944949455243
895,5353.8895118442915,0.6808811359439485,5.0,4.0,2676.9447559221458
896,1184.0682844658218,0.6623894215246345,1.0,2.0,2368.1365689316435
897,237.78168165286604,0.5416441201781006,3.0,6.0,1902.2534532229283
898,2167.726699039082,0.6820265752602135,2.0,2.0,2167.726699039082
899,438.8444951419248,0.7654604653504414,4.0,6.0,1755.3779805676993
900,8474.36353318982,0.5570162623672478,4.0,2.0,2118.590883297455
901,2128.493771522187,0.6447669206849072,4.0,4.0,2128.493771522187
902,252.21549213680692,0.5951542066639395,4.0,5.0,504.43098427361383
903,893.2213244139966,0.6092742704359045,1.0,2.0,1786.4426488279933
904,181.4385554012099,0.5120270966936589,3.0,6.0,1451.5084432096792
905,843.0286563093389,0.5754013155473454,3.0,4.0,1686.0573126186778
906,1830.2315386206683,0.6902212955976172,4.0,4.0,1830.2315386206683
907,16.727549429776097,0.6476724760699479,1.0,8.0,2141.1263270113404
908,1893.229830240698,0.7284848708410957,2.0,2.0,1893.229830240698
909,26.38124426997979,0.6603980931249414,2.0,8.0,1688.3996332787065
910,1110.9091451096128,0.6736393862698934,3.0,4.0,2221.8182902192257
911,1655.3621426878926,0.5679049427961392,3.0,3.0,1655.3621426878926
912,719.6602557104693,0.5204728912895538,4.0,5.0,1439.3205114209386
913,8175.776696118614,0.6097506713470143,5.0,3.0,2043.9441740296536
914,143.5128386287174,0.5658245145159747,2.0,6.0,2296.2054180594782
915,366.8731127380355,0.6058134982699671,1.0,4.0,2934.984901904284
916,2262.0455289640486,0.4487522291118236,2.0,1.0,1131.0227644820243
917,42600.55117919869,0.5777325731772823,7.0,3.0,2662.534448699918
918,1200.4390801637894,0.5083585339407597,4.0,5.0,2400.878160327579
919,891.260986227022,0.5542374290993635,4.0,5.0,1782.521972454044
920,11224.448560944156,0.6775318451045714,5.0,3.0,2806.112140236039
921,2360.228379801969,0.6143608473947507,1.0,1.0,2360.228379801969
922,145.04849634782155,0.650685908325285,4.0,8.0,2320.775941565145
923,353.71682881044893,0.6360964644657666,1.0,4.0,2829.7346304835914
924,18.84970291206425,0.7337826951201321,3.0,10.0,2412.761972744224
925,4502.4714897292315,0.6304558229498594,6.0,5.0,2251.2357448646158
926,6534.072461277774,0.7353608817653945,3.0,1.0,1633.5181153194435
927,964.486765015973,0.6078488109425908,3.0,4.0,1928.973530031946
928,2620.693979940231,0.6036158463923865,3.0,3.0,2620.693979940231
929,1172.7280168739,0.4839764359269254,0.0,1.0,2345.4560337478
930,272.44680815419406,0.7406447586254524,2.0,5.0,2179.5744652335525
931,184.09614613366557,0.45114879705521965,2.0,6.0,2945.538338138649
932,1970.8719406806335,0.5614519022082641,3.0,3.0,1970.8719406806335
933,153.87067985983998,0.534889397877387,1.0,5.0,2461.9308777574397
934,16668.3369489595,0.842765684886103,8.0,4.0,1041.7710593099687
935,3903.955139692666,0.6877906111098575,3.0,2.0,1951.977569846333
936,485.0638881889971,0.6313166758677295,3.0,5.0,1940.2555527559884
937,36.18078713898642,0.4303370703570153,1.0,7.0,2315.5703768951307
938,163.65206159999968,0.5688543601040786,2.0,6.0,2618.432985599995
939,1736.2683728157658,0.6117085623173623,5.0,5.0,1736.2683728157658
940,221.9077081057095,0.7276965538207675,3.0,5.0,887.630832422838
941,277.05289943693043,0.5937543325023482,0.0,3.0,2216.4231954954435
942,1154.2264744617307,0.7733181570786267,5.0,6.0,2308.4529489234615
943,16225.067766909602,0.7678294203036299,6.0,3.0,2028.1334708637003
944,164.66857292965284,0.5297528055494316,2.0,6.0,2634.6971668744454
945,479.56669200471333,0.712372316818523,2.0,4.0,1918.2667680188533
946,57.973808574706325,0.5905311900014718,2.0,7.0,1855.1618743906024
947,35.528936289246346,0.6034832442214445,1.0,6.0,1136.925961255883
948,1118.8069945576685,0.6947690238729548,3.0,4.0,2237.613989115337
949,93.37828946192107,0.525735801384194,0.0,4.0,1494.0526313907371
950,208.8848435509508,0.6464963951982572,3.0,6.0,1671.0787484076063
951,36.7929948205378,0.5325456401193184,2.0,8.0,2354.751668514419
952,21571.732581018805,0.518941333504444,7.0,4.0,2696.4665726273506
953,4454.843307498524,0.627248779232721,4.0,3.0,2227.421653749262
954,1024.8377444890614,0.9726737639993457,3.0,4.0,2049.6754889781228
955,68.49700837979601,0.6433799538254528,2.0,6.0,1095.9521340767362
956,1742.0432737801605,0.9202396084394832,4.0,4.0,1742.0432737801605
957,319.6542174474031,0.5585865085284065,2.0,4.0,1278.6168697896123
958,454.23796750637615,0.49182893012812645,1.0,3.0,1816.9518700255046
959,3650.4364049772985,0.5637575498561316,3.0,2.0,1825.2182024886492
960,42736.81587079442,0.6152591593283449,7.0,2.0,1335.5254959623255
961,396.1766921436772,0.5483962117768316,1.0,3.0,1584.7067685747088
962,1238.4416520128677,0.6285445575602701,7.0,8.0,2476.8833040257355
963,1388.4769797100516,0.7157039271798515,2.0,3.0,2776.9539594201033
964,306.3375023724214,0.5106011551681078,2.0,5.0,2450.700018979371
965,1037.284729487344,0.7721244712120623,3.0,4.0,2074.569458974688
966,588.2993336224423,0.45783125396398483,0.0,2.0,2353.197334489769
967,4696.20796511062,0.6109457445002302,3.0,2.0,2348.10398255531
968,913.736013567586,0.5006987794277031,2.0,3.0,1827.472027135172
969,5370.988087265769,0.6169850567541679,6.0,5.0,2685.4940436328843
970,44.17754214023864,0.62518424976776,2.0,6.0,706.8406742438183
971,228.91052939893248,0.6785224108277349,2.0,5.0,1831.2842351914599
972,2.1222358250332904,0.512602298762456,0.0,10.0,2173.1694848340894
973,4379.835499737685,0.6138253226231946,5.0,4.0,2189.9177498688423
974,256.7185019852953,0.5837653348748766,2.0,5.0,2053.7480158823623
975,8208.522850012116,0.5471529429805555,3.0,1.0,2052.130712503029
976,23.212198951640165,0.5942574993690711,2.0,8.0,1485.5807329049705
977,726.5021816329154,0.7103192559569541,2.0,4.0,2906.0087265316615
978,1070.2534719187818,0.5873455379496708,3.0,4.0,2140.5069438375635
979,866.7246138357795,0.6206520178341067,1.0,2.0,1733.449227671559
980,159.24688718208023,0.7364185291860703,3.0,7.0,2547.9501949132837
981,1220.8229740101633,0.7147168760779739,1.0,2.0,2441.6459480203266
982,9799.720251340568,0.4962086017031896,4.0,2.0,2449.930062835142
983,547.6353906256993,0.6681117344439621,1.0,3.0,2190.541562502797
984,7497.766353521289,0.5103433577139811,4.0,2.0,1874.4415883803222
985,69600.18843759899,0.4852061227753401,6.0,1.0,2175.0058886749684
986,437.71903110532577,0.7223382993963573,2.0,4.0,1750.876124421303
987,2345.920567085461,0.5260308112090136,3.0,3.0,2345.920567085461
988,2345.6911051744337,0.5708662439830888,1.0,1.0,2345.6911051744337
989,1870.0342421349499,0.6154121949388589,4.0,4.0,1870.0342421349499
990,1600.3660027091296,0.7184213804793961,2.0,3.0,3200.732005418259
991,3077.724284803304,0.5488430082601998,2.0,1.0,1538.862142401652
992,1927.8481957330466,0.683074859550053,5.0,5.0,1927.8481957330466
993,44.502220335556345,0.6462892048637771,3.0,8.0,1424.071050737803
994,272.9030355643751,0.5751200276970043,2.0,5.0,2183.224284515001
995,33.388830526088334,0.7247734936889665,1.0,7.0,2136.8851536696534
996,541.4086452117565,0.5256396634995075,3.0,5.0,2165.634580847026
997,1525.917886827032,0.6688601402486235,6.0,7.0,3051.835773654064
998,1045.899962657285,0.623930058055688,3.0,3.0,1045.899962657285
999,18195.321516102213,0.589772300474383,5.0,2.0,2274.4151895127766
1000,76.01309563342454,0.6663394101344517,3.0,8.0,2432.4190602695853
